{
    "utterances": [
        {
            "text": "I want an account",
            "entities": [],
            "traits": [],
            "intent": "register"
        },
        {
            "text": "am i logged in",
            "entities": [],
            "traits": [],
            "intent": "whoami"
        },
        {
            "text": "am i logged in?",
            "entities": [],
            "traits": [],
            "intent": "whoami"
        },
        {
            "text": "chatrooms",
            "entities": [],
            "traits": [],
            "intent": "get_chatrooms"
        },
        {
            "text": "create a post",
            "entities": [],
            "traits": [],
            "intent": "create_message"
        },
        {
            "text": "create a post for me",
            "entities": [],
            "traits": [],
            "intent": "create_message"
        },
        {
            "text": "get help",
            "entities": [],
            "traits": [],
            "intent": "get_help"
        },
        {
            "text": "get latest message in engineering",
            "entities": [
                {
                    "entity": "chatroom_name:chatroom_name",
                    "start": 22,
                    "end": 33,
                    "body": "engineering",
                    "entities": []
                }
            ],
            "traits": [],
            "intent": "get_messages"
        },
        {
            "text": "get me posts from lakeshore",
            "entities": [
                {
                    "entity": "chatroom_name:chatroom_name",
                    "start": 18,
                    "end": 27,
                    "body": "lakeshore",
                    "entities": []
                }
            ],
            "traits": [],
            "intent": "get_messages"
        },
        {
            "text": "get messages from union south",
            "entities": [
                {
                    "entity": "chatroom_name:chatroom_name",
                    "start": 18,
                    "end": 29,
                    "body": "union south",
                    "entities": []
                }
            ],
            "traits": [],
            "intent": "get_messages"
        },
        {
            "text": "get post from engineering",
            "entities": [
                {
                    "entity": "chatroom_name:chatroom_name",
                    "start": 14,
                    "end": 25,
                    "body": "engineering",
                    "entities": []
                }
            ],
            "traits": [],
            "intent": "get_messages"
        },
        {
            "text": "get post from union south",
            "entities": [
                {
                    "entity": "chatroom_name:chatroom_name",
                    "start": 14,
                    "end": 25,
                    "body": "union south",
                    "entities": []
                }
            ],
            "traits": [],
            "intent": "get_messages"
        },
        {
            "text": "get posts from union south",
            "entities": [
                {
                    "entity": "chatroom_name:chatroom_name",
                    "start": 15,
                    "end": 26,
                    "body": "union south",
                    "entities": []
                }
            ],
            "traits": [],
            "intent": "get_messages"
        },
        {
            "text": "get some messages",
            "entities": [],
            "traits": [],
            "intent": "get_messages"
        },
        {
            "text": "give me the 4 latest posts",
            "entities": [
                {
                    "entity": "wit$number:number",
                    "start": 12,
                    "end": 13,
                    "body": "4",
                    "entities": []
                }
            ],
            "traits": [],
            "intent": "get_messages"
        },
        {
            "text": "give me the latest messages",
            "entities": [],
            "traits": [],
            "intent": "get_messages"
        },
        {
            "text": "help",
            "entities": [],
            "traits": [],
            "intent": "get_help"
        },
        {
            "text": "i dont know what to do",
            "entities": [],
            "traits": [],
            "intent": "get_help"
        },
        {
            "text": "log in",
            "entities": [],
            "traits": [],
            "intent": "login"
        },
        {
            "text": "log me in",
            "entities": [],
            "traits": [],
            "intent": "login"
        },
        {
            "text": "log me out",
            "entities": [],
            "traits": [],
            "intent": "logout"
        },
        {
            "text": "log my account in",
            "entities": [],
            "traits": [],
            "intent": "login"
        },
        {
            "text": "log off my account",
            "entities": [],
            "traits": [],
            "intent": "logout"
        },
        {
            "text": "login",
            "entities": [],
            "traits": [],
            "intent": "login"
        },
        {
            "text": "login my accound",
            "entities": [],
            "traits": [],
            "intent": "login"
        },
        {
            "text": "logout",
            "entities": [],
            "traits": [],
            "intent": "logout"
        },
        {
            "text": "make a new account",
            "entities": [],
            "traits": [],
            "intent": "register"
        },
        {
            "text": "make me a new account",
            "entities": [],
            "traits": [],
            "intent": "register"
        },
        {
            "text": "post a commen to lakeshore",
            "entities": [
                {
                    "entity": "chatroom_name:chatroom_name",
                    "start": 17,
                    "end": 26,
                    "body": "lakeshore",
                    "entities": []
                }
            ],
            "traits": [],
            "intent": "create_message"
        },
        {
            "text": "post a message",
            "entities": [],
            "traits": [],
            "intent": "create_message"
        },
        {
            "text": "post a message to engineering hall",
            "entities": [
                {
                    "entity": "chatroom_name:chatroom_name",
                    "start": 18,
                    "end": 29,
                    "body": "engineering",
                    "entities": []
                }
            ],
            "traits": [],
            "intent": "create_message"
        },
        {
            "text": "post a message to picnic point pathfinders",
            "entities": [
                {
                    "entity": "chatroom_name:chatroom_name",
                    "start": 18,
                    "end": 42,
                    "body": "picnic point pathfinders",
                    "entities": []
                }
            ],
            "traits": [],
            "intent": "create_message"
        },
        {
            "text": "register",
            "entities": [],
            "traits": [],
            "intent": "register"
        },
        {
            "text": "register a new account",
            "entities": [],
            "traits": [],
            "intent": "register"
        },
        {
            "text": "send a comment",
            "entities": [],
            "traits": [],
            "intent": "create_message"
        },
        {
            "text": "send a message to grainger hall",
            "entities": [
                {
                    "entity": "chatroom_name:chatroom_name",
                    "start": 18,
                    "end": 31,
                    "body": "grainger hall",
                    "entities": []
                }
            ],
            "traits": [],
            "intent": "create_message"
        },
        {
            "text": "send a post",
            "entities": [],
            "traits": [],
            "intent": "create_message"
        },
        {
            "text": "send a post to union south",
            "entities": [
                {
                    "entity": "chatroom_name:chatroom_name",
                    "start": 15,
                    "end": 26,
                    "body": "union south",
                    "entities": []
                }
            ],
            "traits": [],
            "intent": "create_message"
        },
        {
            "text": "show me 10 messages of Science Hall Scholars",
            "entities": [
                {
                    "entity": "wit$number:number",
                    "start": 8,
                    "end": 10,
                    "body": "10",
                    "entities": []
                },
                {
                    "entity": "chatroom_name:chatroom_name",
                    "start": 23,
                    "end": 44,
                    "body": "Science Hall Scholars",
                    "entities": []
                }
            ],
            "traits": [],
            "intent": "get_messages"
        },
        {
            "text": "show me 2 messages of Buckys Badger Den",
            "entities": [
                {
                    "entity": "wit$number:number",
                    "start": 8,
                    "end": 9,
                    "body": "2",
                    "entities": []
                },
                {
                    "entity": "chatroom_name:chatroom_name",
                    "start": 22,
                    "end": 39,
                    "body": "Buckys Badger Den",
                    "entities": []
                }
            ],
            "traits": [],
            "intent": "get_messages"
        },
        {
            "text": "show me 3 messages of Picnic Point Pathfinders",
            "entities": [
                {
                    "entity": "wit$number:number",
                    "start": 8,
                    "end": 9,
                    "body": "3",
                    "entities": []
                },
                {
                    "entity": "chatroom_name:chatroom_name",
                    "start": 22,
                    "end": 46,
                    "body": "Picnic Point Pathfinders",
                    "entities": []
                }
            ],
            "traits": [],
            "intent": "get_messages"
        },
        {
            "text": "show me 5 messages of Engineering Hall Exchange",
            "entities": [
                {
                    "entity": "wit$number:number",
                    "start": 8,
                    "end": 9,
                    "body": "5",
                    "entities": []
                },
                {
                    "entity": "chatroom_name:chatroom_name",
                    "start": 22,
                    "end": 47,
                    "body": "Engineering Hall Exchange",
                    "entities": []
                }
            ],
            "traits": [],
            "intent": "get_messages"
        },
        {
            "text": "show me 7 messages of Kohl Center Kudos",
            "entities": [
                {
                    "entity": "wit$number:number",
                    "start": 8,
                    "end": 9,
                    "body": "7",
                    "entities": []
                },
                {
                    "entity": "chatroom_name:chatroom_name",
                    "start": 22,
                    "end": 39,
                    "body": "Kohl Center Kudos",
                    "entities": []
                }
            ],
            "traits": [],
            "intent": "get_messages"
        },
        {
            "text": "show me 8 messages of Grainger Hall Gatherings",
            "entities": [
                {
                    "entity": "wit$number:number",
                    "start": 8,
                    "end": 9,
                    "body": "8",
                    "entities": []
                },
                {
                    "entity": "chatroom_name:chatroom_name",
                    "start": 22,
                    "end": 46,
                    "body": "Grainger Hall Gatherings",
                    "entities": []
                }
            ],
            "traits": [],
            "intent": "get_messages"
        },
        {
            "text": "show me 9 messages of Lakeshore Path Pioneers",
            "entities": [
                {
                    "entity": "wit$number:number",
                    "start": 8,
                    "end": 9,
                    "body": "9",
                    "entities": []
                },
                {
                    "entity": "chatroom_name:chatroom_name",
                    "start": 22,
                    "end": 45,
                    "body": "Lakeshore Path Pioneers",
                    "entities": []
                }
            ],
            "traits": [],
            "intent": "get_messages"
        },
        {
            "text": "show me messages",
            "entities": [],
            "traits": [],
            "intent": "get_messages"
        },
        {
            "text": "show me the messages",
            "entities": [],
            "traits": [],
            "intent": "get_messages"
        },
        {
            "text": "sign me out",
            "entities": [],
            "traits": [],
            "intent": "logout"
        },
        {
            "text": "sign me up",
            "entities": [],
            "traits": [],
            "intent": "register"
        },
        {
            "text": "sign out",
            "entities": [],
            "traits": [],
            "intent": "logout"
        },
        {
            "text": "what am i able to do",
            "entities": [],
            "traits": [],
            "intent": "get_help"
        },
        {
            "text": "what are the 6 latest posts in Union South Socials",
            "entities": [
                {
                    "entity": "wit$number:number",
                    "start": 13,
                    "end": 14,
                    "body": "6",
                    "entities": []
                },
                {
                    "entity": "chatroom_name:chatroom_name",
                    "start": 31,
                    "end": 50,
                    "body": "Union South Socials",
                    "entities": []
                }
            ],
            "traits": [],
            "intent": "get_messages"
        },
        {
            "text": "what are the available chatrooms",
            "entities": [],
            "traits": [],
            "intent": "get_chatrooms"
        },
        {
            "text": "what are the messages right now",
            "entities": [],
            "traits": [],
            "intent": "get_messages"
        },
        {
            "text": "what can I do",
            "entities": [],
            "traits": [],
            "intent": "get_help"
        },
        {
            "text": "what chatrooms are there",
            "entities": [],
            "traits": [],
            "intent": "get_chatrooms"
        },
        {
            "text": "what chatrooms can I use",
            "entities": [],
            "traits": [],
            "intent": "get_chatrooms"
        },
        {
            "text": "whats the name of the chatrooms",
            "entities": [],
            "traits": [],
            "intent": "get_chatrooms"
        }
    ]
}
